{
	"type": "ItemTurret",
   "name": "GALTING GUN",
	"size": 3,
	"health": 1500,
	"maxAmmo": 1000,
	"ammoPerShot" : 1,
	"reloadTime": 0.5,
	"range": 500,
	"targetAir" : true, 
	"targetGround" : true, 
	"rotateSpeed": 8,
	"shots" : 4,
	"xRand" : 8,
	"recoilAmount" : 3,
	"restitution" : 0.08, 
	"shootSound" : "shootBig",
	"ammoUseEffect" : "casing2",
	"buildCostMultiplier" : 0.2,

	"ammoTypes": {
		"copper": {
			"type" : "BasicBulletType",
			"damage": 50,
			"speed": 20.0,
			"lifetime": 30,
			"height": 30,
			"width" : 12,
			"ammoMultiplier": 16,
			"lightning" : 3,
			"lightningLength" : 8,
			"collidesAir" : true,
			"hitEffect": "hitYellowLaser",
			"smokeEffect" : "shootBigSmoke",
			"shootEffect": "producesmoke"
			}
	},
	"requirements": [
		{ "item": "copper", "amount": 1 }
	],
	"category": "turret"
alwaysUnlocked: true
}