{
	"type": "ItemTurret",
"name": "SÚNG LƯỢNG TỬ",
	"size": 3,
	"health": 10000,

	"maxAmmo": 100,
	"ammoPerShot" : 5,
	"reloadTime": 0.1,
	"range": 400,
	"targetAir" : true, 
	"targetGround" : true, 
	"rotateSpeed": 8,
	"recoilAmount" : 1,	
	"restitution" : 0.02,
	"shootSound" : "shootBig",
	"ammoUseEffect" : "casing3",
	"buildCostMultiplier" : 0.5,

	"ammoTypes":{
		"copper": {
			"type" : "RailBulletType",
			"status" : "melting",
			"damage": 100,
			"length" : 7000,
			"width" : 20,
			"ammoMultiplier": 5,
			"pierce": true,
			"collidesTiles" : true,
			"lightning" : 6,
			"lightningLength" : 15,
			"hitEffect" : "massiveExplosion",
			"smokeEffect" : "shootBig2",
			"pierceDamageFactor" : 0.5
		}
	},
	"requirements": [
        { "item": "copper", "amount": 1 }
	],
	"category": "turret"
alwaysUnlocked: true
}